<?xml version="1.0" encoding="UTF-8"?>

<mule xmlns:ee="http://www.mulesoft.org/schema/mule/ee/core"
	xmlns:xml-module="http://www.mulesoft.org/schema/mule/xml-module"
	xmlns:secure-properties="http://www.mulesoft.org/schema/mule/secure-properties"
	xmlns:http="http://www.mulesoft.org/schema/mule/http" xmlns="http://www.mulesoft.org/schema/mule/core"
	xmlns:doc="http://www.mulesoft.org/schema/mule/documentation"
	xmlns:xsi="http://www.w3.org/2001/XMLSchema-instance"
	xsi:schemaLocation="http://www.mulesoft.org/schema/mule/core http://www.mulesoft.org/schema/mule/core/current/mule.xsd
http://www.mulesoft.org/schema/mule/http http://www.mulesoft.org/schema/mule/http/current/mule-http.xsd
http://www.mulesoft.org/schema/mule/secure-properties http://www.mulesoft.org/schema/mule/secure-properties/current/mule-secure-properties.xsd
http://www.mulesoft.org/schema/mule/ee/core http://www.mulesoft.org/schema/mule/ee/core/current/mule-ee.xsd
http://www.mulesoft.org/schema/mule/xml-module http://www.mulesoft.org/schema/mule/xml-module/current/mule-xml-module.xsd">
	
	<flow name="mobileFlow" doc:id="b7961122-d444-40e0-8b3a-bda532193aba">
		<http:listener doc:name="Listener"
			doc:id="b0dd2841-62ba-493f-98d9-3e0302a05f01" config-ref="HTTP_Listener_config"
			path="/test">
			<http:response statusCode="#[vars.httpStatus default 200]">
			</http:response>
			<http:error-response statusCode="#[vars.httpStatus default 500]">
				<http:body><![CDATA[#[payload]]]></http:body>
			</http:error-response>
		</http:listener>
		<xml-module:validate-schema doc:name="Validate schema"
			doc:id="fdab46ee-d7b8-4b96-8c3b-905c6c9053f5" schemas="simple.xsd" />
		<logger level="INFO" doc:name="Logger" doc:id="5ee1b165-b3be-4d64-a10a-e3e821360b73" message="${secure::path}"/>
		<ee:transform doc:name="Transform Message" doc:id="cfb0bc45-4a52-4662-9865-0b9d62fafece" >
			<ee:message >
			</ee:message>
			<ee:variables >
				<ee:set-variable variableName="name" ><![CDATA[%dw 2.0
output application/java
---

	XmlModule::xpath('/addresses/address/name/text()',payload.^raw,{})[0]
]]></ee:set-variable>
				<ee:set-variable variableName="actualAddress" ><![CDATA[%dw 2.0
output application/java
---
XmlModule::xpath('/addresses/address',payload.^raw,{})[0]
]]></ee:set-variable>
			</ee:variables>
		</ee:transform>
		<set-variable value="#[vars.actualAddress replace '\n' with '']" doc:name="Set Variable" doc:id="7b788fab-d56d-4b11-8d11-92a04dac0ce9" variableName="actualAddress"/>
		<set-variable value="#[sizeOf(XmlModule::xpath('address/*',vars.actualAddress.^raw,{}))]" doc:name="Set Variable" doc:id="3fadf080-f609-48c6-ae37-1b40bbbee4c8" variableName="numberOfElements"/>
		<logger level="INFO" doc:name="Logger" doc:id="3dc2e2d9-2ff2-40e5-ae7a-47d1a7880616" message="#[vars.name]"/>
		<choice doc:name="Choice" doc:id="908a1a1e-5aee-45c0-a8bb-31883d7538b3" >
			<when expression="#[vars.numberOfElements == 0]">
				<logger level="INFO" doc:name="Logger" doc:id="5252cd7a-64ac-49a2-8169-6c6b87a3966f" message="its empty"/>
			</when>
			<otherwise >
				<logger level="INFO" doc:name="Logger" doc:id="7a9a4a7c-cb07-4325-866d-4d75ec5448d2" message="its not empty"/>
				<set-payload value="#[vars.actualAddress]" doc:name="Set Payload" doc:id="ff630f51-8711-45ea-beac-838386b59a2e" mimeType="application/xml"/>
				<ee:transform doc:name="Transform Message" doc:id="5d921620-6915-42d8-a3a9-2c422f35467c" >
					<ee:message >
						<ee:set-payload ><![CDATA[%dw 2.0
output application/java
---
{
	name:payload.address.name,
	street:payload.address.street
}]]></ee:set-payload>
					</ee:message>
				</ee:transform>
				<logger level="INFO" doc:name="Logger" doc:id="04956994-e87c-4f06-b58a-62e86abd89a6" />
			</otherwise>
		</choice>
		<error-handler>
			<on-error-continue enableNotifications="true"
				logException="true" doc:name="On Error Continue" doc:id="715f2aea-e6cd-47d8-906d-d9ae8791bfb5" type="XML-MODULE:SCHEMA_NOT_HONOURED">
				<ee:transform doc:name="Transform Message"
					doc:id="b75381aa-32e2-4b3d-8106-11ae712491be">
					<ee:message>
						<ee:set-payload><![CDATA[%dw 2.0
output application/json
---
{
	"status":"Fail",
	"error":error.errorMessage.payload
}
]]></ee:set-payload>
					</ee:message>
				</ee:transform>
				<logger level="INFO" doc:name="Logger"
					doc:id="761fbdfb-b946-489c-bb84-64a16d6de322" message="payload" />
				<set-variable value='#["400"]' doc:name="Set Variable"
					doc:id="6584d6bd-011f-456e-a020-702acebbced0" variableName="httpStatus" />
				<logger level="INFO" doc:name="Logger" doc:id="2c407264-32b8-468a-8732-c6fa51258572" />
			</on-error-continue>
			<on-error-continue enableNotifications="true" logException="true" doc:name="On Error Continue" doc:id="8c4f206c-2344-45ee-8334-6cebe26551ef" type="XML-MODULE:INVALID_INPUT_XML">
				<ee:transform doc:name="Transform Message" doc:id="b3f2e7ff-65b4-4064-9923-2ab77a4401b8" >
					<ee:message >
						<ee:set-payload ><![CDATA[%dw 2.0
output application/json
---
{
	"status":"Fail",
	"error":{
		"description":error.detailedDescription,
		"detailMessage":error.exception.cause.message default error.description
	}
}
]]></ee:set-payload>
					</ee:message>
				</ee:transform>
				<logger level="INFO" doc:name="Logger" doc:id="8e046458-f135-4b5f-a9a4-1863a660e3a5" message="payload"/>
				<set-variable value='#["400"]' doc:name="Set Variable" doc:id="6a78a80b-8df2-4f83-b66c-858a6636675a" variableName="httpStatus"/>
				<logger level="INFO" doc:name="Logger" doc:id="a2906b96-5e48-4988-ac43-b68518beec79" />
			</on-error-continue>
			<on-error-continue enableNotifications="true" logException="true" doc:name="On Error Continue" doc:id="01bfd37d-75d1-4acd-9a8f-485f1bc1ec1d" type="ANY">
				<ee:transform doc:name="Transform Message" doc:id="69615d98-0699-4af2-bfc0-794906cc1e02" >
					<ee:message >
						<ee:set-payload ><![CDATA[%dw 2.0
output application/json
---
{
	"status":"Fail",
	"error":error.errorMessage
}]]></ee:set-payload>
					</ee:message>
				</ee:transform>
				<logger level="INFO" doc:name="Logger" doc:id="a271b73b-ef65-4336-923a-660e756b2a45" message="payload"/>
				<set-variable value='#["500"]' doc:name="Set Variable" doc:id="ca4d17a7-204e-4998-9c53-566a80f511df" variableName="httpStatus"/>
				<logger level="INFO" doc:name="Logger" doc:id="eb024260-87f6-4e28-8dc7-4764dc99ad08" />
			</on-error-continue>
		</error-handler>
	</flow>
</mule>
