<?xml version='1.0' encoding='UTF-8'?>
<types:mule xmlns:types="http://www.mulesoft.org/schema/mule/types">
  <types:catalog>
    <types:type name="input" format="xml">
      <types:shape format="xml-schema" element="addresses" location="simple.xsd"/>
    </types:type>
    <types:type name="output" format="java">
      <types:shape format="java" element="mobile.Addresses"/>
    </types:type>
  </types:catalog>
  <types:enrichment select="#b566d59d-1c90-4c13-9199-15d38db01f97">
    <types:processor-declaration>
      <types:input-event>
        <types:message>
          <types:payload type="input"/>
        </types:message>
      </types:input-event>
    </types:processor-declaration>
  </types:enrichment>
</types:mule>